{
	"pages": [ //pages数组中第一项表示应用启动页，参考：https://uniapp.dcloud.io/collocation/pages
		{
			"path": "pages/index/index",
			"style": {
				"navigationBarTitleText": "首页",
				"navigationStyle":"default",
				"enablePullDownRefresh": true
			}
		},
		{
			"path": "pages/article_index/index",
			"style": {
				"navigationBarTitleText": "图书详情",
				"enablePullDownRefresh": false,
				"navigationStyle":"default"
			}
		}
	    ,{
            "path" : "pages/novelContent/novelContent",
            "style" :                                                                                    
            {
                "navigationBarTitleText": "",
                "enablePullDownRefresh": false,
				"navigationStyle":"default"
            }
            
        }
        ,{
            "path" : "pages/mine/mine",
            "style" :                                                                                    
            {
                "navigationBarTitleText": "用户中心",
                "enablePullDownRefresh": true,
				"navigationStyle":"default"
            }
            
        }
        ,{
            "path" : "pages/book_search/book_search",
            "style" :                                                                                    
            {
                "navigationBarTitleText": "图书大类",
                "enablePullDownRefresh": false
            }
            
        }
    ],
	"globalStyle": {
		"navigationBarTextStyle": "black",
		"navigationBarTitleText": "uni-app",
		"navigationBarBackgroundColor": "#F8F8F8",
		"backgroundColor": "#F8F8F8"
	},
	"uniIdRouter": {},
	// 配置tabbar导航栏
		"tabBar": {
			"borderStyle": "black",
			"selectedColor": "#FB7299",
			"color": "#444444",
			"list": [
				{
					"pagePath": "pages/index/index",
					"iconPath": "static/home.png",
					"selectedIconPath": "static/homeselected.png",
					"text": "首页"
				},{
					"pagePath": "pages/mine/mine",
					"iconPath": "static/mine.png",
					"selectedIconPath": "static/mineselected.png",
					"text": "我的"
				}
			]
		}
	

}
